id,name,name_en,grade,category,description,ingredient_1_id,ingredient_2_id,tool
41,밥,cooked_rice,F,중간재료,"물과 함께 냄비에 지은 쌀밥. 모든 한식의 기본이 된다.",28,33,냄비
42,밀가루 반죽,flour_dough,F,중간재료,"밀과 물을 섞어 만든 반죽. 어떤 모양으로든 변할 수 있는 가능성을 품고 있다.",29,33,
43,삶은 감자,boiled_potato,F,중간재료,"물에 삶아 포슬포슬해진 감자. 껍질을 벗기면 따끈한 속살이 드러난다.",2,33,냄비
44,구운 감자,baked_potato,F,중간재료,"오븐에 통째로 구워낸 감자. 뜨거우니 호호 불어서 먹자.",2,,오븐
45,찐 고구마,steamed_sweet_potato,F,중간재료,"김이 모락모락 나는 찐 고구마. 달콤한 향기가 코를 찌른다.",30,33,냄비
46,면,noodles,E,중간재료,"밀가루 반죽을 가늘고 길게 뽑아낸 면. 후루룩 넘어가는 식감이 좋다.",42,,
47,빵,bread,E,중간재료,"밀가루 반죽을 오븐에 구워낸 기본 빵. 갓 구운 빵의 향기는 참을 수 없다.",42,,오븐
48,데친 시금치,blanched_spinach,F,중간재료,"끓는 물에 살짝 데쳐낸 시금치. 색이 더 선명해졌다.",12,33,냄비
49,삶은 콩,boiled_bean,F,중간재료,"푹 삶아서 부드러워진 콩. 장(醬)의 기본이 될 준비를 마쳤다.",8,33,냄비
50,아몬드 가루,almond_powder,F,중간재료,"아몬드를 곱게 갈아서 만든 가루. 고소한 디저트를 만들 때 필수.",40,,
51,볶은 양파,sauteed_onion,F,중간재료,"후라이팬에 볶아 단맛을 낸 양파. 투명해질 때까지 볶는 것이 포인트.",4,,후라이팬
52,볶은 마늘,sauteed_garlic,F,중간재료,"기름에 볶아 향을 낸 마늘. 알싸한 향이 식욕을 돋운다.",14,,후라이팬
53,볶은 버섯,sauteed_mushroom,F,중간재료,"버섯을 후라이팬에 볶아 감칠맛을 더했다. 쫄깃한 식감이 살아있다.",3,,후라이팬
54,볶은 당근,sauteed_carrot,F,중간재료,"살짝 볶아 더 달콤해진 당근. 주황빛이 더욱 먹음직스러워 보인다.",9,,후라이팬
55,파기름,green_onion_oil,F,중간재료,"파를 볶아 향긋한 기름을 만들었다. 요리의 풍미를 한 단계 올려준다.",13,,후라이팬
56,다진 소고기,ground_beef,F,중간재료,"각종 요리에 사용하기 좋게 소고기를 다졌다. 그냥 볶아 먹어도 맛있다.",16,,
57,다진 돼지고기,ground_pork,F,중간재료,"돼지고기를 잘게 다져 부드러운 식감을 냈다. 어떤 요리와도 잘 어울린다.",17,,
58,닭고기 육수,chicken_stock,F,육수,"닭고기를 푹 끓여 만든 맑은 육수. 마음까지 따뜻해지는 맛.",18,33,냄비
59,소고기 육수,beef_stock,F,육수,"소고기를 끓여 만든 진한 육수. 깊은 맛이 일품이다.",16,33,냄비
60,야채 육수,vegetable_stock,F,육수,"갖은 야채를 끓여 만든 깔끔한 육수. 채소들의 기운이 듬뿍 담겨있다.",4,9,냄비
61,해물 육수,seafood_stock,F,육수,"조개를 끓여 만든 시원한 육수. 바다의 향기가 물씬 풍긴다.",24,33,냄비
62,구운 소고기,grilled_beef,F,고기,"후라이팬에 간단히 구운 소고기. 치이익 소리가 입맛을 돋운다.",16,,후라이팬
63,구운 돼지고기,grilled_pork,F,고기,"먹음직스럽게 후라이팬에 구운 돼지고기. 노릇노릇하게 구워졌다.",17,,후라이팬
64,구운 닭고기,grilled_chicken,F,고기,"오븐에 구워 기름기를 뺀 닭고기. 겉은 바삭, 속은 촉촉.",18,,오븐
65,구운 연어,grilled_salmon,F,생선,"오븐에 구워 담백한 연어구이. 분홍빛 속살이 부드럽다.",20,,오븐
66,데친 오징어,blanched_squid,F,해산물,"끓는 물에 살짝 데쳐 부드러운 오징어. 하얀 꽃이 핀 것 같다.",23,33,냄비
67,데친 새우,blanched_shrimp,F,해산물,"색이 예쁘게 변할 때까지 데친 새우. 붉은 빛깔이 먹음직스럽다.",22,33,냄비
68,삶은 계란,boiled_egg,F,중간재료,"냄비에서 완숙으로 삶아낸 계란. 껍질을 까는 재미가 쏠쏠하다.",31,33,냄비
69,계란 후라이,fried_egg,F,중간재료,"반숙으로 잘 부쳐낸 계란 후라이. 노른자를 톡 터뜨리고 싶다.",31,,후라이팬
70,계란 지단,egg_garnish,E,중간재료,"계란 후라이를 얇게 채썰어 고명으로 만들었다. 요리를 화려하게 장식해준다.",69,,
71,볶은 토마토,sauteed_tomato,F,중간재료,"토마토를 볶아 산미를 날리고 단맛을 살렸다. 과일에서 요리로 변신!",1,,후라이팬
72,토마토 퓨레,tomato_puree,E,소스,"볶은 토마토를 끓여 걸쭉하게 만들었다. 서양 요리의 기초가 된다.",71,33,냄비
73,기본 토마토 소스,basic_tomato_sauce,D,소스,"토마토 퓨레와 볶은 양파, 마늘을 섞어 끓였다. 새콤달콤한 맛의 결정체.",72,51,냄비
74,크림,cream,F,소스,"우유를 약한 불에 졸여 만든 고소한 크림. 부드러움이 농축되어 있다.",32,,냄비
75,버터,butter,E,소스,"크림을 계속 저어 만든 풍미 가득한 버터. 빵에 발라 먹으면 천국의 맛.",74,,
76,리코타 치즈,ricotta_cheese,E,중간재료,"우유에 레몬즙을 넣어 굳힌 생치즈. 몽글몽글한 식감이 재밌다.",32,37,냄비
77,초콜릿,chocolate,F,중간재료,"카카오를 녹여 달콤쌉쌀한 초콜릿을 만들었다. 기분 전환이 필요할 때 최고.",39,,냄비
78,사과잼,apple_jam,F,소스,"사과와 물을 넣고 달콤하게 졸인 잼. 아삭함이 부드러움으로 변했다.",34,33,냄비
79,딸기잼,strawberry_jam,F,소스,"상큼한 딸기로 만든 홈메이드 잼. 빵에 발라 먹으면 끝없이 들어간다.",36,33,냄비
80,포도 주스,grape_juice,F,음료,"포도를 으깨어 낸 신선한 주스. 탱글탱글한 생명력이 느껴진다.",38,,
81,사과 주스,apple_juice,F,음료,"사과를 갈아 만든 순수한 주스. 아침에 마시면 상쾌함이 두 배.",34,,
82,간장 베이스,soy_sauce_base,E,소스,"삶은 콩과 밀을 발효시켜 만든 기본 간장. 짭짤한 감칠맛의 원천.",49,29,
83,된장 베이스,bean_paste_base,E,소스,"삶은 콩을 발효시켜 만든 구수한 된장. 한국의 맛 그 자체.",49,,
84,고추장 베이스,chili_paste_base,D,소스,"삶은 콩, 고추, 밥을 섞어 발효시킨 매콤한 고추장.",49,15,
85,튀김 반죽,batter,F,중간재료,"밀가루와 계란을 섞어 튀김용 반죽을 만들었다. 바삭함을 위한 준비.",29,31,
86,카레 베이스,curry_base,D,소스,"볶은 양파와 볶은 마늘, 향신료를 갈아 만든 기본 카레.",51,52,냄비
87,마요네즈,mayonnaise,F,소스,"계란과 레몬을 빠르게 저어 만든 고소한 소스. 마법처럼 기름과 물이 섞였다.",31,37,
88,연유,condensed_milk,F,소스,"우유를 달콤하게 졸여 만든 것. 디저트에 뿌리면 달콤함이 폭발한다.",32,,냄비
89,생크림,whipped_cream,E,소스,"크림을 휘저어 부드러운 거품을 낸 것. 구름처럼 가볍고 부드럽다.",74,,
90,겉절이,fresh_kimchi,F,중간재료,"배추와 고추를 버무려 만든 간단한 김치. 아삭하고 상큼한 맛.",6,15,
91,김치찌개,kimchi_stew,E,한식-메인,"겉절이와 돼지고기를 넣고 끓인 얼큰한 찌개. 한국인의 소울 푸드.",90,17,냄비
92,된장찌개,bean_paste_stew,D,한식-메인,"된장 베이스에 두부와 호박을 넣고 끓인 구수한 찌개.",83,11,냄비
93,소고기무국,beef_radish_soup,E,한식-메인,"소고기 육수에 무를 넣고 끓여 시원한 국. 밥 한 그릇 말아 뚝딱.",59,7,냄비
94,미역국,seaweed_soup,E,한식-메인,"소고기 육수에 미역을 넣고 끓인 담백한 국. 생일날엔 꼭 먹어야지.",59,26,냄비
95,콩나물국,bean_sprout_soup,E,한식-메인,"해물 육수에 콩나물을 넣고 끓여 시원한 국. 해장으로 최고.",61,8,냄비
96,닭볶음탕,spicy_braised_chicken,C,한식-메인,"닭고기와 감자, 당근을 고추장에 볶은 요리. 매콤달콤한 맛.",64,84,후라이팬
97,제육볶음,spicy_stir_fried_pork,D,한식-메인,"돼지고기를 고추장 베이스에 맛있게 볶았다. 쌈 채소와 함께.",63,84,후라이팬
98,불고기,bulgogi,D,한식-메인,"소고기를 간장 베이스에 재워 달콤하게 볶았다. 남녀노소 모두 사랑.",62,82,후라이팬
99,잡채,japchae,D,한식-메인,"면, 시금치, 당근을 간장으로 볶아 만든 잔치 음식. 알록달록 예쁘다.",46,82,후라이팬
100,비빔밥,bibimbap,C,한식-메인,"밥 위에 나물과 고추장을 얹어 비빈 요리. 건강한 한 끼.",41,84,
101,김밥,gimbap,D,한식-메인,"밥과 채소를 김으로 말아 만든 간편식. 소풍 도시락의 왕.",41,27,
102,떡볶이,tteokbokki,D,한식-메인,"떡과 고추장을 볶아 만든 매콤달콤한 길거리 음식.",5,84,후라이팬
103,순대,sundae,E,한식-메인,"돼지 창자에 당면과 야채를 넣어 만든 한국식 소시지.",46,9,냄비
104,삼계탕,samgyetang,C,한식-메인,"닭고기 육수에 인삼과 마늘을 넣고 끓인 보양식.",58,14,냄비
105,갈비찜,braised_short_ribs,B,한식-메인,"소고기와 간장 베이스를 넣고 푹 조린 명절 요리.",62,82,냄비
106,불낙전골,bul_nak_jeongol,C,한식-메인,"소고기와 오징어를 고추장에 끓인 매콤한 전골.",62,66,냄비
107,해물파전,seafood_pancake,D,한식-메인,"밀가루 반죽에 해산물과 파를 섞어 부친 전. 비 오는 날엔 막걸리.",42,22,후라이팬
108,김치전,kimchi_pancake,E,한식-메인,"밀가루 반죽에 겉절이를 섞어 부친 고소한 전.",42,90,후라이팬
109,동태찌개,pollack_stew,D,한식-메인,"해물 육수에 동태와 두부를 넣고 끓인 얼큰한 찌개.",61,11,냄비
110,부대찌개,budae_jjigae,C,한식-메인,"해물 육수에 면, 고추장을 넣고 끓인 퓨전 찌개.",61,84,냄비
111,스파게티,spaghetti,D,양식-메인,"면과 토마토 소스를 섞어 만든 이탈리아 대표 요리.",46,73,냄비
112,까르보나라,carbonara,C,양식-메인,"면과 크림, 베이컨을 섞어 만든 고소한 파스타.",46,74,후라이팬
113,피자,pizza,C,양식-메인,"밀가루 반죽에 토마토 소스와 치즈를 올려 구운 요리.",42,73,오븐
114,햄버거,hamburger,D,양식-메인,"빵 사이에 다진 소고기를 넣어 만든 간편식.",47,56,
115,스테이크,steak,C,양식-메인,"구운 소고기에 버터를 곁들인 고급 요리.",62,75,후라이팬
116,그라탕,gratin,C,양식-메인,"삶은 감자와 크림을 겹쳐 오븐에 구운 요리.",43,74,오븐
117,리조또,risotto,D,양식-메인,"밥과 야채 육수를 섞어 만든 이탈리아식 죽.",41,60,냄비
118,오믈렛,omelet,E,양식-메인,"계란 후라이에 야채를 넣어 반으로 접은 요리.",69,54,후라이팬
119,샌드위치,sandwich,E,양식-메인,"빵 사이에 야채와 계란을 넣은 간편식.",47,68,
120,샐러드,salad,F,양식-사이드,"토마토와 양파를 섞어 만든 신선한 샐러드.",1,4,
121,시저샐러드,caesar_salad,E,양식-사이드,"양상추에 마요네즈를 뿌린 클래식 샐러드.",5,87,
122,감자샐러드,potato_salad,E,양식-사이드,"삶은 감자에 마요네즈를 섞은 고소한 샐러드.",43,87,
123,미네스트로네,minestrone,D,양식-메인,"야채 육수에 면과 토마토를 넣고 끓인 이탈리아 수프.",60,72,냄비
124,클램차우더,clam_chowder,C,양식-메인,"해물 육수에 크림과 감자를 넣고 끓인 진한 수프.",61,74,냄비
125,비프스튜,beef_stew,C,양식-메인,"소고기 육수에 구운 소고기와 감자를 넣고 끓인 스튜.",59,62,냄비
126,치킨스튜,chicken_stew,C,양식-메인,"닭고기 육수에 구운 닭고기와 당근을 넣고 끓인 스튜.",58,64,냄비
127,오니언링,onion_rings,E,양식-사이드,"튀김 반죽을 입힌 양파를 기름에 튀긴 스낵.",85,4,후라이팬
128,프렌치프라이,french_fries,F,양식-사이드,"감자를 채썰어 기름에 튀긴 바삭한 사이드.",2,,후라이팬
129,치킨너겟,chicken_nuggets,E,양식-메인,"튀김 반죽을 입힌 닭고기를 튀긴 간식.",85,18,후라이팬
130,피시앤칩스,fish_and_chips,D,양식-메인,"튀김 반죽을 입힌 생선과 감자튀김.",85,20,후라이팬
131,짜장면,jajangmyeon,D,중식-메인,"면에 검은 된장 소스를 얹은 중국식 요리.",46,83,후라이팬
132,짬뽕,jjamppong,D,중식-메인,"면과 해물 육수, 고추를 넣고 끓인 얼큰한 국물 요리.",46,61,냄비
133,탕수육,sweet_and_sour_pork,C,중식-메인,"튀김 반죽을 입힌 돼지고기에 새콤달콤한 소스.",85,17,후라이팬
134,마파두부,mapo_tofu,D,중식-메인,"두부와 다진 돼지고기를 고추장에 볶은 매운 요리.",11,57,후라이팬
135,양장피,yangjangpi,D,중식-메인,"면과 야채, 해산물을 섞어 만든 차가운 요리.",46,67,
136,깐풍기,kanpunggi,C,중식-메인,"튀김 반죽을 입힌 닭고기를 매콤달콤하게 볶은 요리.",85,18,후라이팬
137,팔보채,palbochae,D,중식-메인,"버섯과 야채를 볶아 만든 중국식 볶음 요리.",53,54,후라이팬
138,동파육,dongpo_pork,B,중식-메인,"돼지고기를 간장 베이스에 푹 조린 고급 요리.",63,82,냄비
139,북경오리,peking_duck,A,중식-메인,"오리 고기를 오븐에 구워 바삭하게 만든 명품 요리.",19,,오븐
140,샤오롱바오,xiaolongbao,C,중식-메인,"밀가루 반죽에 다진 돼지고기를 넣고 쪄낸 만두.",42,57,냄비
141,군만두,fried_dumplings,D,중식-메인,"밀가루 반죽에 야채를 넣고 후라이팬에 구운 만두.",42,54,후라이팬
142,딤섬,dim_sum,D,중식-사이드,"밀가루 반죽에 새우를 넣고 쪄낸 점심 요리.",42,67,냄비
143,볶음밥,fried_rice,D,중식-메인,"밥과 계란, 야채를 섞어 볶은 중국식 볶음밥.",41,69,후라이팬
144,난자완스,nanjawans,C,중식-메인,"계란과 새우를 섞어 부드럽게 볶은 요리.",69,67,후라이팬
145,라조기,laziji,C,중식-메인,"튀김 반죽을 입힌 닭고기를 고추와 볶은 매운 요리.",85,15,후라이팬
146,스시,sushi,D,일식-메인,"밥 위에 생선회를 얹은 일본 대표 요리.",41,20,
147,사시미,sashimi,E,일식-메인,"신선한 생선을 얇게 썬 회.",20,,
148,우동,udon,D,일식-메인,"면과 해물 육수를 넣고 끓인 일본식 국수.",46,61,냄비
149,라멘,ramen,D,일식-메인,"면과 닭고기 육수, 계란을 넣은 일본식 라면.",46,58,냄비
150,돈까스,tonkatsu,D,일식-메인,"튀김 반죽을 입힌 돼지고기를 튀긴 일본식 커틀릿.",85,17,후라이팬
151,덴푸라,tempura,D,일식-메인,"튀김 반죽을 입힌 새우를 튀긴 일본식 튀김.",85,22,후라이팬
152,타코야키,takoyaki,E,일식-간식,"밀가루 반죽에 오징어를 넣고 둥글게 구운 간식.",42,23,후라이팬
153,오코노미야키,okonomiyaki,D,일식-메인,"밀가루 반죽에 야채와 고기를 섞어 부친 일본식 전.",42,56,후라이팬
154,규동,gyudon,D,일식-메인,"밥 위에 간장으로 조린 소고기를 얹은 덮밥.",41,62,냄비
155,가츠동,katsudon,D,일식-메인,"밥 위에 돈까스와 계란을 얹은 덮밥.",41,150,
156,오야코동,oyakodon,D,일식-메인,"밥 위에 닭고기와 계란을 얹은 부모자식 덮밥.",41,64,냄비
157,야키소바,yakisoba,D,일식-메인,"면과 야채를 간장으로 볶은 일본식 볶음면.",46,82,후라이팬
158,미소시루,miso_soup,E,일식-사이드,"된장 베이스에 두부를 넣고 끓인 일본식 된장국.",83,11,냄비
159,차완무시,chawanmushi,E,일식-사이드,"계란과 닭고기 육수를 섞어 쪄낸 일본식 계란찜.",31,58,냄비
160,나베,nabe,C,일식-메인,"해물 육수에 야채와 고기를 넣고 끓인 일본식 전골.",61,64,냄비
161,카레라이스,curry_rice,D,퓨전-메인,"밥 위에 카레 베이스와 고기를 얹은 카레.",41,86,냄비
162,하이라이스,hayashi_rice,D,퓨전-메인,"밥 위에 토마토 소스와 소고기를 얹은 일본식 하이라이스.",41,73,냄비
163,오므라이스,omurice,D,퓨전-메인,"볶음밥을 계란 후라이로 감싼 일본식 오믈렛.",143,69,후라이팬
164,나폴리탄,napolitan,D,퓨전-메인,"면과 토마토 퓨레, 야채를 볶은 일본식 파스타.",46,72,후라이팬
165,크림스튜,cream_stew,C,퓨전-메인,"크림과 닭고기, 야채를 넣고 끓인 일본식 스튜.",74,64,냄비
166,부리또,burrito,D,퓨전-메인,"밀가루 반죽에 밥과 고기를 말아 만든 멕시코 요리.",42,41,
167,타코,taco,D,퓨전-메인,"밀가루 반죽에 고기와 야채를 넣은 멕시코 요리.",42,56,
168,케밥,kebab,D,퓨전-메인,"빵에 구운 고기와 야채를 넣은 중동 요리.",47,62,
169,팟타이,pad_thai,D,퓨전-메인,"면과 새우, 땅콩을 볶은 태국 요리.",46,67,후라이팬
170,똠얌꿍,tom_yum_goong,C,퓨전-메인,"해물 육수에 새우와 고추를 넣고 끓인 태국 수프.",61,67,냄비
171,푸팟퐁커리,poo_pad_pong_curry,C,퓨전-메인,"카레 베이스에 해산물을 넣고 볶은 태국 요리.",86,24,후라이팬
172,나시고렝,nasi_goreng,D,퓨전-메인,"밥과 야채를 매콤하게 볶은 인도네시아 볶음밥.",41,15,후라이팬
173,미고렝,mie_goreng,D,퓨전-메인,"면과 야채를 매콤하게 볶은 인도네시아 볶음면.",46,15,후라이팬
174,포,pho,D,퓨전-메인,"면과 소고기 육수를 넣고 끓인 베트남 쌀국수.",46,59,냄비
175,분짜,bun_cha,D,퓨전-메인,"면과 구운 돼지고기를 섞어 먹는 베트남 요리.",46,63,
176,반미,banh_mi,D,퓨전-메인,"빵에 구운 돼지고기와 야채를 넣은 베트남 샌드위치.",47,63,
177,카오팟,khao_pad,D,퓨전-메인,"밥과 해산물을 볶은 태국 볶음밥.",41,67,후라이팬
178,가이양,gai_yang,D,퓨전-메인,"닭고기를 구워 만든 태국식 바비큐.",64,,오븐
179,솜땀,som_tam,E,퓨전-사이드,"고추와 야채를 섞어 만든 태국식 샐러드.",15,9,
180,케이크,cake,D,디저트,"밀가루 반죽과 계란을 오븐에 구운 부드러운 케이크.",42,31,오븐
181,쿠키,cookie,E,디저트,"밀가루 반죽을 오븐에 구운 바삭한 과자.",42,,오븐
182,마카롱,macaron,C,디저트,"아몬드 가루와 계란으로 만든 프랑스 디저트.",50,31,오븐
183,티라미수,tiramisu,B,디저트,"리코타 치즈와 커피를 겹쳐 만든 이탈리아 디저트.",76,39,
184,푸딩,pudding,E,디저트,"계란과 우유를 섞어 찐 부드러운 디저트.",31,32,냄비
185,크렘브륄레,creme_brulee,C,디저트,"크림과 계란을 구워 만든 프랑스 디저트.",74,31,오븐
186,팬케이크,pancake,E,디저트,"밀가루 반죽을 후라이팬에 부쳐 만든 두툼한 빵.",42,,후라이팬
187,와플,waffle,E,디저트,"밀가루 반죽을 틀에 구워 만든 벨기에 디저트.",42,,오븐
188,도넛,donut,E,디저트,"밀가루 반죽을 기름에 튀긴 달콤한 간식.",42,,후라이팬
189,크루아상,croissant,D,디저트,"버터를 넣은 밀가루 반죽을 겹쳐 구운 프랑스 빵.",42,75,오븐
190,머핀,muffin,E,디저트,"밀가루 반죽에 과일을 넣고 구운 컵케이크.",42,34,오븐
191,타르트,tart,D,디저트,"밀가루 반죽에 과일잼을 얹어 구운 프랑스 디저트.",42,79,오븐
192,에클레어,eclair,C,디저트,"밀가루 반죽에 크림을 넣은 프랑스 슈.",42,74,오븐
193,슈크림,cream_puff,D,디저트,"밀가루 반죽에 생크림을 넣은 일본식 슈.",42,89,오븐
194,브라우니,brownie,D,디저트,"초콜릿과 밀가루를 섞어 구운 진한 디저트.",77,42,오븐
195,초코칩쿠키,choco_chip_cookie,E,디저트,"초콜릿을 넣은 밀가루 반죽을 구운 쿠키.",77,42,오븐
196,아이스크림,ice_cream,E,디저트,"크림을 얼려 만든 시원한 디저트.",74,,
197,젤라또,gelato,D,디저트,"우유를 얼려 만든 이탈리아식 아이스크림.",32,,
198,소르베,sorbet,E,디저트,"과일 주스를 얼려 만든 프랑스 디저트.",80,,
199,파르페,parfait,D,디저트,"아이스크림과 과일을 겹쳐 담은 프랑스 디저트.",196,34,
200,선데,sundae,D,디저트,"아이스크림 위에 초콜릿과 생크림을 얹은 디저트.",196,77,
201,밀크셰이크,milkshake,E,음료,"우유와 아이스크림을 섞어 만든 음료.",32,196,
202,스무디,smoothie,E,음료,"과일과 우유를 갈아 만든 건강 음료.",34,32,
203,라떼,latte,E,음료,"우유와 커피를 섞어 만든 부드러운 음료.",32,39,
204,카푸치노,cappuccino,E,음료,"크림과 커피를 섞어 만든 이탈리아 음료.",74,39,
205,핫초코,hot_chocolate,F,음료,"초콜릿과 우유를 뜨겁게 데운 음료.",77,32,냄비
206,밀크티,milk_tea,F,음료,"우유와 차를 섞어 만든 음료.",32,35,냄비
207,버블티,bubble_tea,E,음료,"밀크티에 타피오카를 넣은 대만 음료.",206,5,
208,레모네이드,lemonade,F,음료,"레몬과 물을 섞어 만든 상큼한 음료.",37,33,
209,오렌지주스,orange_juice,F,음료,"오렌지를 갈아 만든 비타민 가득한 주스.",38,,
210,당근주스,carrot_juice,F,음료,"당근을 갈아 만든 건강 주스.",9,,
211,토마토주스,tomato_juice,F,음료,"토마토를 갈아 만든 새콤한 주스.",1,,
212,망고주스,mango_juice,F,음료,"망고를 갈아 만든 달콤한 주스.",38,,
213,딸기우유,strawberry_milk,F,음료,"딸기잼과 우유를 섞은 달콤한 음료.",79,32,
214,초코우유,chocolate_milk,F,음료,"초콜릿과 우유를 섞은 달콤한 음료.",77,32,
215,바나나우유,banana_milk,F,음료,"바나나와 우유를 섞은 한국식 음료.",34,32,
216,요거트,yogurt,E,음료,"우유를 발효시켜 만든 건강 음료.",32,,
217,떡,tteok,F,중간재료,"쌀을 쪄서 만든 한국 전통 떡.",28,33,냄비
218,인절미,injeolmi,E,디저트,"떡에 콩가루를 묻혀 만든 한국 전통 떡.",217,8,
219,송편,songpyeon,E,디저트,"떡 안에 콩을 넣고 찐 한국 전통 떡.",217,49,냄비
220,찹쌀떡,chapssaltteok,E,디저트,"찹쌀로 만든 쫄깃한 떡.",28,33,냄비
221,호떡,hotteok,E,디저트,"밀가루 반죽에 설탕을 넣고 구운 한국 간식.",42,33,후라이팬
222,붕어빵,bungeoppang,E,디저트,"밀가루 반죽에 팥을 넣고 구운 물고기 모양 빵.",42,8,오븐
223,계란빵,gyeran_bbang,E,디저트,"밀가루 반죽에 계란을 넣고 구운 한국 간식.",42,31,오븐
224,약과,yakgwa,D,디저트,"밀가루 반죽을 기름에 튀기고 꿀에 담근 한국 전통 과자.",42,33,후라이팬
225,한과,hangwa,D,디저트,"쌀가루와 꿀로 만든 한국 전통 과자.",28,33,
226,엿,yeot,E,디저트,"쌀을 고아 만든 한국 전통 엿.",28,33,냄비
227,식혜,sikhye,F,음료,"쌀과 물을 발효시켜 만든 한국 전통 음료.",28,33,냄비
228,수정과,sujeonggwa,F,음료,"물에 계피를 우려 만든 한국 전통 음료.",33,,냄비
229,매실차,plum_tea,F,음료,"매실과 물을 섞어 만든 한국 전통 차.",38,33,냄비
230,유자차,yuja_tea,F,음료,"유자와 꿀을 섞어 만든 한국 전통 차.",37,33,냄비
231,녹차,green_tea,F,음료,"차잎을 우려 만든 건강 음료.",35,33,냄비
232,홍차,black_tea,F,음료,"발효 차잎을 우려 만든 진한 차.",35,33,냄비
233,우롱차,oolong_tea,F,음료,"반발효 차잎을 우려 만든 중국 차.",35,33,냄비
234,보리차,barley_tea,F,음료,"보리를 볶아 우려낸 한국식 차.",28,33,냄비
235,옥수수차,corn_tea,F,음료,"옥수수를 볶아 우려낸 고소한 차.",29,33,냄비
236,감자전,potato_pancake,E,한식-사이드,"감자를 갈아 부쳐낸 한국식 전.",43,,후라이팬
237,부추전,chive_pancake,E,한식-사이드,"밀가루 반죽에 부추를 섞어 부친 전.",42,13,후라이팬
238,호박전,zucchini_pancake,E,한식-사이드,"밀가루 반죽에 호박을 섞어 부친 전.",42,10,후라이팬
239,고구마맛탕,sweet_potato_candy,E,디저트,"찐 고구마를 기름에 튀기고 설탕 시럽을 입힌 간식.",45,33,후라이팬
240,감자튀김,potato_chips,F,간식,"감자를 얇게 썰어 튀긴 바삭한 스낵.",2,,후라이팬
241,고구마칩,sweet_potato_chips,F,간식,"고구마를 얇게 썰어 튀긴 건강 스낵.",30,,후라이팬
242,새우칩,shrimp_chips,F,간식,"밀가루에 새우를 섞어 튀긴 스낵.",42,22,후라이팬
243,치즈볼,cheese_ball,E,간식,"튀김 반죽에 치즈를 넣고 튀긴 간식.",85,76,후라이팬
244,핫도그,hot_dog,E,간식,"튀김 반죽에 소시지를 넣고 튀긴 길거리 음식.",85,17,후라이팬
245,치즈스틱,cheese_stick,E,간식,"튀김 반죽에 치즈를 넣고 튀긴 막대 간식.",85,76,후라이팬
246,어묵,eomuk,E,한식-사이드,"생선을 갈아 만든 한국식 연육.",20,,
247,어묵탕,eomuk_tang,E,한식-메인,"어묵과 해물 육수를 넣고 끓인 국물 요리.",246,61,냄비
248,오뎅,oden,E,일식-사이드,"어묵을 육수에 넣고 끓인 일본식 요리.",246,58,냄비
249,라면,ramyeon,E,한식-메인,"면과 해물 육수를 넣고 끓인 한국식 라면.",46,61,냄비
250,짜파게티,chapagetti,D,퓨전-메인,"짜장면과 스파게티를 섞은 한국식 볶음면.",131,111,후라이팬
251,로제파스타,rose_pasta,C,퓨전-메인,"토마토 소스와 크림을 섞은 분홍빛 파스타.",73,74,냄비
252,알리오올리오,aglio_olio,D,양식-메인,"면과 마늘을 올리브유에 볶은 이탈리아 파스타.",46,52,후라이팬
253,페스토파스타,pesto_pasta,D,양식-메인,"면과 바질 페스토를 섞은 이탈리아 파스타.",46,12,후라이팬
254,라자냐,lasagna,C,양식-메인,"면과 토마토 소스, 치즈를 겹쳐 구운 이탈리아 요리.",46,73,오븐
255,뇨끼,gnocchi,D,양식-메인,"감자 반죽을 삶아 토마토 소스를 입힌 이탈리아 파스타.",43,73,냄비
256,라비올리,ravioli,D,양식-메인,"밀가루 반죽에 고기를 넣고 삶은 이탈리아 만두.",42,56,냄비
257,캐놀리,cannoli,C,디저트,"밀가루 반죽에 리코타 치즈를 넣은 이탈리아 디저트.",42,76,오븐
258,바클라바,baklava,C,디저트,"밀가루 반죽에 견과류를 겹쳐 구운 중동 디저트.",42,40,오븐
259,나초,nachos,E,간식,"옥수수칩에 치즈를 녹인 멕시코 스낵.",29,76,오븐
260,퀘사디아,quesadilla,D,퓨전-메인,"밀가루 반죽에 치즈를 넣고 구운 멕시코 요리.",42,76,후라이팬
261,엔칠라다,enchilada,D,퓨전-메인,"밀가루 반죽에 고기를 말아 토마토 소스를 입힌 멕시코 요리.",42,56,오븐
262,파히타,fajita,D,퓨전-메인,"밀가루 반죽에 구운 고기와 야채를 넣은 멕시코 요리.",42,62,후라이팬
263,과카몰리,guacamole,E,퓨전-사이드,"토마토와 야채를 갈아 만든 멕시코 소스.",1,4,
264,살사,salsa,E,퓨전-사이드,"토마토와 고추를 섞어 만든 멕시코 소스.",1,15,
265,츄러스,churros,E,디저트,"밀가루 반죽을 기름에 튀기고 설탕을 뿌린 스페인 간식.",42,33,후라이팬
266,파에야,paella,C,양식-메인,"밥과 해산물을 후라이팬에 볶은 스페인 요리.",41,67,후라이팬
267,가스파초,gazpacho,E,양식-사이드,"토마토를 갈아 만든 스페인 차가운 수프.",71,4,
268,타파스,tapas,D,양식-사이드,"빵 위에 야채와 고기를 얹은 스페인 간식.",47,62,
269,사테,satay,D,퓨전-메인,"꼬치에 고기를 꿰어 구운 동남아 요리.",62,,오븐
270,렌당,rendang,C,퓨전-메인,"소고기를 카레에 푹 조린 인도네시아 요리.",62,86,냄비
271,가도가도,gado_gado,E,퓨전-사이드,"야채에 땅콩 소스를 뿌린 인도네시아 샐러드.",54,40,
272,솜롤,lumpia,D,퓨전-메인,"밀가루 반죽에 야채를 말아 튀긴 필리핀 춘권.",42,54,후라이팬
273,아도보,adobo,D,퓨전-메인,"닭고기를 간장에 조린 필리핀 요리.",64,82,냄비
274,칼데레타,kaldereta,C,퓨전-메인,"소고기를 토마토 소스에 조린 필리핀 스튜.",62,73,냄비
275,시니강,sinigang,D,퓨전-메인,"새우와 야채를 신맛 나게 끓인 필리핀 수프.",67,37,냄비
276,팬싯,pancit,D,퓨전-메인,"면과 야채를 볶은 필리핀 요리.",46,54,후라이팬
277,하로하로,halo_halo,D,디저트,"아이스크림과 과일을 섞은 필리핀 디저트.",196,34,
278,춘권,spring_roll,D,중식-메인,"밀가루 반죽에 야채를 말아 튀긴 중국 튀김.",42,54,후라이팬
279,완탕,wonton,E,중식-메인,"밀가루 반죽에 다진 고기를 넣고 삶은 중국 만두.",42,56,냄비
280,완탕면,wonton_noodles,D,중식-메인,"면과 완탕을 육수에 넣은 중국 국수.",46,279,냄비
281,차슈,chashu,D,일식-메인,"돼지고기를 간장에 조린 일본식 고기.",63,82,냄비
282,규카츠,gyukatsu,D,일식-메인,"튀김 반죽을 입힌 소고기를 튀긴 일본식 커틀릿.",85,16,후라이팬
283,에비카츠,ebi_katsu,D,일식-메인,"튀김 반죽을 입힌 새우를 튀긴 일본식 커틀릿.",85,22,후라이팬
284,치킨카츠,chicken_katsu,D,일식-메인,"튀김 반죽을 입힌 닭고기를 튀긴 일본식 커틀릿.",85,18,후라이팬
285,카레우동,curry_udon,D,퓨전-메인,"우동과 카레 베이스를 섞은 일본식 카레 국수.",148,86,냄비
286,카레빵,curry_bread,D,퓨전-간식,"빵에 카레를 넣고 튀긴 일본식 간식.",47,86,후라이팬
287,야키니쿠,yakiniku,D,일식-메인,"소고기를 불에 구운 일본식 바비큐.",62,,후라이팬
288,샤브샤브,shabu_shabu,C,일식-메인,"얇은 고기를 육수에 데쳐 먹는 일본식 요리.",16,59,냄비
289,스키야키,sukiyaki,C,일식-메인,"소고기와 야채를 간장에 조리는 일본식 전골.",62,82,냄비
290,규탄,gyutan,D,일식-메인,"소 혀를 구운 일본 센다이 특산 요리.",16,,후라이팬
291,모츠나베,motsunabe,C,일식-메인,"곱창과 야채를 육수에 끓인 일본식 전골.",17,58,냄비
292,오뎅나베,oden_nabe,D,일식-메인,"어묵과 야채를 육수에 끓인 일본식 전골.",246,58,냄비
293,키무치나베,kimuchi_nabe,D,퓨전-메인,"김치와 고기를 육수에 끓인 일본식 김치찌개.",90,17,냄비
294,카레나베,curry_nabe,C,퓨전-메인,"카레와 고기를 육수에 끓인 일본식 카레 전골.",86,64,냄비
295,돈코츠라멘,tonkotsu_ramen,C,일식-메인,"돼지뼈 육수에 면을 넣은 일본 하카타식 라멘.",17,46,냄비
296,미소라멘,miso_ramen,D,일식-메인,"된장을 넣은 일본 삿포로식 라멘.",149,83,냄비
297,쇼유라멘,shoyu_ramen,D,일식-메인,"간장을 넣은 도쿄식 라멘.",149,82,냄비
298,시오라멘,shio_ramen,D,일식-메인,"소금 맛 육수에 면을 넣은 일본 라멘.",149,33,냄비
299,츠케멘,tsukemen,D,일식-메인,"면을 따로 담고 육수에 찍어 먹는 일본 라멘.",46,58,
300,소바,soba,E,일식-메인,"메밀면을 차갑게 먹는 일본 국수.",46,82,
301,자루소바,zaru_soba,E,일식-메인,"차가운 소바를 간장에 찍어 먹는 일본 요리.",300,82,
302,카케우동,kake_udon,E,일식-메인,"뜨거운 육수에 우동을 넣은 기본 우동.",148,58,냄비
303,텐동,tendon,D,일식-메인,"밥 위에 덴푸라를 얹은 일본 덮밥.",41,151,
304,우나기동,unagidon,B,일식-메인,"밥 위에 장어구이를 얹은 일본 고급 덮밥.",41,21,오븐
305,이쿠라동,ikuradon,B,일식-메인,"밥 위에 연어알을 얹은 일본 덮밥.",41,20,
306,네기토로동,negitoro_don,C,일식-메인,"밥 위에 참치를 얹은 일본 덮밥.",41,25,
307,치라시,chirashi,C,일식-메인,"밥 위에 여러 생선회를 얹은 일본 덮밥.",41,147,
308,마키,maki,D,일식-메인,"밥과 야채를 김으로 말은 일본식 김밥.",41,27,
309,테마키,temaki,D,일식-메인,"김에 밥과 회를 손으로 말아 먹는 일본식 초밥.",146,27,
310,이나리,inari,E,일식-메인,"유부에 밥을 넣은 일본식 초밥.",41,11,
311,오니기리,onigiri,F,일식-메인,"밥을 삼각형으로 뭉쳐 김을 두른 일본식 주먹밥.",41,27,
312,오차즈케,ochazuke,E,일식-메인,"밥에 차를 부어 먹는 일본식 요리.",41,231,
313,다마고야키,tamagoyaki,E,일식-사이드,"계란을 말아서 만든 일본식 계란말이.",69,,후라이팬
314,니쿠자가,nikujaga,D,일식-메인,"소고기와 감자를 간장에 조린 일본 가정식.",62,43,냄비
315,카레코로케,curry_korokke,D,퓨전-간식,"카레를 넣고 튀긴 일본식 고로케.",161,85,후라이팬
316,크림코로케,cream_korokke,D,양식-간식,"크림을 넣고 튀긴 일본식 크로켓.",74,85,후라이팬
317,감자코로케,potato_korokke,D,양식-간식,"감자를 으깨 튀긴 일본식 감자 크로켓.",43,85,후라이팬
318,멘치카츠,menchi_katsu,D,일식-메인,"다진 고기를 튀긴 일본식 미트커틀릿.",56,85,후라이팬
319,함바그,hamburg_steak,D,일식-메인,"다진 소고기를 뭉쳐 구운 일본식 햄버그.",56,,후라이팬
320,덴무스,tenmusu,E,일식-메인,"주먹밥에 새우튀김을 넣은 나고야 명물.",311,151,
321,나가사키짬뽕,nagasaki_champon,D,일식-메인,"해산물과 야채를 넣은 나가사키식 짬뽕.",132,67,냄비
322,히로시마야키,hiroshima_yaki,D,일식-메인,"면을 넣은 히로시마식 오코노미야키.",153,46,후라이팬
323,모단야키,modan_yaki,D,일식-메인,"면을 넣은 오사카식 오코노미야키.",153,46,후라이팬
324,네기야키,negiyaki,E,일식-메인,"파를 듬뿍 넣은 오사카식 전.",42,13,후라이팬
325,타이야키,taiyaki,E,일식-디저트,"밀가루 반죽에 팥을 넣고 구운 물고기 모양 일본 간식.",42,8,오븐
326,도라야키,dorayaki,E,일식-디저트,"팬케이크 사이에 팥을 넣은 일본 과자.",186,8,
327,다이후쿠,daifuku,E,일식-디저트,"떡 안에 팥을 넣은 일본식 떡.",217,8,
328,모찌,mochi,F,일식-디저트,"쌀을 쪄서 만든 일본식 떡.",28,33,냄비
329,모나카,monaka,E,일식-디저트,"과자 사이에 팥을 넣은 일본 전통 과자.",42,8,
330,요칸,yokan,E,일식-디저트,"팥을 굳혀 만든 일본 전통 양갱.",8,33,냄비
331,카스테라,castella,D,일식-디저트,"계란과 밀가루로 만든 일본식 카스텔라.",31,42,오븐
332,센베이,senbei,E,일식-간식,"쌀로 만든 일본 전통 과자.",28,,오븐
333,아라레,arare,E,일식-간식,"쌀을 작게 구운 일본 전통 과자.",28,,오븐
334,포키,pocky,E,일식-간식,"빵 막대에 초콜릿을 입힌 일본 과자.",47,77,
335,토핑,topping,E,일식-간식,"쿠키에 초콜릿을 입힌 일본 과자.",181,77,
336,하이츄,hi_chew,E,일식-간식,"과일맛 젤리 캔디.",79,,
337,킷캣,kitkat,E,양식-간식,"웨하스에 초콜릿을 입힌 과자.",187,77,
338,뽀빠이,popeye,E,간식,"빵 과자에 초콜릿을 입힌 한국 과자.",181,77,
339,초코파이,choco_pie,D,한식-디저트,"마시멜로를 케이크로 감싸고 초콜릿을 입힌 한국 과자.",180,77,
340,약밥,yakbap,D,한식-디저트,"찹쌀에 대추와 꿀을 섞어 찐 한국 전통 음식.",28,33,냄비
341,수제비,sujebi,E,한식-메인,"밀가루 반죽을 떼어 육수에 넣고 끓인 한국 수프.",42,59,냄비
342,칼국수,kalguksu,E,한식-메인,"밀가루 면을 육수에 넣고 끓인 한국 국수.",46,58,냄비
343,비빔국수,bibim_guksu,E,한식-메인,"면에 고추장을 섞어 비빈 한국식 비빔 국수.",46,84,
344,냉면,naengmyeon,D,한식-메인,"차가운 육수에 메밀면을 넣은 한국 여름 국수.",46,59,
345,물냉면,mul_naengmyeon,D,한식-메인,"차가운 육수에 메밀면을 넣은 평양식 냉면.",344,59,냄비
346,비빔냉면,bibim_naengmyeon,D,한식-메인,"메밀면에 고추장을 섞은 함흥식 냉면.",344,84,
347,막국수,makguksu,E,한식-메인,"메밀면을 차갑게 먹는 강원도 국수.",46,82,
348,콩국수,kongguksu,E,한식-메인,"콩물에 면을 넣은 한국 여름 국수.",46,49,냄비
349,잔치국수,janchi_guksu,E,한식-메인,"맑은 육수에 면을 넣은 한국 잔치 국수.",46,58,냄비
350,쫄면,jjolmyeon,E,한식-메인,"쫄깃한 면에 고추장을 섞은 한국 비빔 국수.",46,84,
351,족발,jokbal,C,한식-메인,"돼지 족을 간장에 푹 삶은 한국 요리.",17,82,냄비
352,보쌈,bossam,C,한식-메인,"돼지고기를 삶아 쌈 채소와 먹는 한국 요리.",63,6,냄비
353,순두부찌개,sundubu_jjigae,D,한식-메인,"두부와 해물을 고추장에 끓인 얼큰한 찌개.",11,61,냄비
354,부대찌개,budae_jjigae,C,한식-메인,"육수에 면과 고기를 넣고 끓인 한국식 부대찌개.",61,46,냄비
355,갈비탕,galbitang,B,한식-메인,"소갈비를 푹 끓여 만든 깊은 맛의 한국 탕.",62,59,냄비
356,설렁탕,seolleongtang,C,한식-메인,"소뼈를 푹 끓여 만든 뽀얀 한국 국물.",16,33,냄비
357,곰탕,gomtang,C,한식-메인,"소고기를 푹 끓여 만든 진한 한국 탕.",62,59,냄비
358,해장국,haejangguk,D,한식-메인,"소고기와 야채를 넣고 끓인 한국 해장 국.",62,9,냄비
359,육개장,yukgaejang,C,한식-메인,"소고기를 고추가루로 매콤하게 끓인 한국 탕.",62,15,냄비
360,추어탕,chueotang,D,한식-메인,"미꾸라지를 끓여 만든 구수한 한국 보양식.",23,83,냄비
361,감자탕,gamjatang,C,한식-메인,"돼지뼈와 감자를 매콤하게 끓인 한국 탕.",17,43,냄비
362,해물탕,haemultang,C,한식-메인,"해산물을 매콤하게 끓인 한국 탕.",67,15,냄비
363,아구찜,agu_jjim,B,한식-메인,"아귀와 야채를 매콤하게 찐 한국 요리.",23,84,냄비
364,찜닭,jjimdak,C,한식-메인,"닭고기와 야채를 간장에 푹 조린 한국 요리.",64,82,냄비
365,닭갈비,dakgalbi,C,한식-메인,"닭고기와 야채를 고추장에 볶은 춘천 명물.",64,84,후라이팬
366,안동찜닭,andong_jjimdak,B,한식-메인,"닭고기를 간장에 푹 조린 안동 명물.",64,82,냄비
367,쭈꾸미볶음,jjukkumi_bokkeum,D,한식-메인,"쭈꾸미를 고추장에 매콤하게 볶은 요리.",23,84,후라이팬
368,낙지볶음,nakji_bokkeum,D,한식-메인,"낙지를 고추장에 매콤하게 볶은 요리.",23,84,후라이팬
369,오징어볶음,ojingeo_bokkeum,D,한식-메인,"오징어를 고추장에 매콤하게 볶은 요리.",66,84,후라이팬
370,해물찜,haemul_jjim,C,한식-메인,"해산물을 매콤하게 찐 한국 요리.",67,84,냄비
371,가리비구이,grilled_scallop,E,한식-메인,"가리비를 구운 간단한 요리.",24,,후라이팬
372,전복죽,abalone_porridge,B,한식-메인,"전복과 밥을 끓여 만든 고급 죽.",24,41,냄비
373,굴국밥,oyster_rice_soup,D,한식-메인,"굴과 밥을 육수에 끓인 한국 국밥.",24,41,냄비
374,홍합탕,mussel_soup,E,한식-메인,"홍합을 육수에 끓인 시원한 탕.",24,61,냄비
375,바지락칼국수,clam_kalguksu,D,한식-메인,"바지락 육수에 칼국수를 넣은 한국 국수.",61,342,냄비
376,해물칼국수,seafood_kalguksu,D,한식-메인,"해물 육수에 칼국수를 넣은 한국 국수.",61,342,냄비
377,들깨칼국수,perilla_kalguksu,D,한식-메인,"들깨를 갈아 넣은 고소한 칼국수.",342,8,냄비
378,팥죽,red_bean_porridge,E,한식-디저트,"팥과 밥을 끓여 만든 한국 전통 죽.",8,41,냄비
379,호박죽,pumpkin_porridge,E,한식-디저트,"호박과 밥을 끓여 만든 달콤한 죽.",10,41,냄비
380,잣죽,pine_nut_porridge,D,한식-디저트,"잣과 밥을 갈아 끓인 고소한 죽.",40,41,냄비
381,전복구이,grilled_abalone,B,한식-메인,"전복을 구운 고급 요리.",24,,오븐
382,소라구이,grilled_turban_shell,E,한식-메인,"소라를 구운 바다 간식.",24,,후라이팬
383,골뱅이무침,spicy_whelk_salad,D,한식-사이드,"골뱅이와 야채를 고추장에 무친 한국 반찬.",24,84,
384,멍게,sea_squirt,F,한식-사이드,"신선한 멍게를 그대로 먹는 해산물.",24,,
385,해삼,sea_cucumber,F,한식-사이드,"신선한 해삼을 그대로 먹는 해산물.",24,,
386,성게알,sea_urchin,E,한식-사이드,"성게알을 밥과 함께 먹는 해산물.",24,41,
387,명란젓,pollock_roe,E,한식-사이드,"명란을 소금에 절인 한국 젓갈.",20,33,
388,창란젓,pollock_intestine_jeot,E,한식-사이드,"명태 창자를 소금에 절인 한국 젓갈.",20,33,
389,오징어젓갈,squid_jeotgal,E,한식-사이드,"오징어를 소금에 절인 한국 젓갈.",23,33,
390,새우젓,saeujeot,E,한식-사이드,"새우를 소금에 절인 한국 젓갈.",22,33,
391,멸치볶음,stir_fried_anchovy,E,한식-사이드,"멸치를 간장에 볶은 한국 반찬.",25,82,후라이팬
392,멸치국수,anchovy_noodle,E,한식-메인,"멸치 육수에 면을 넣은 한국 국수.",25,46,냄비
393,어묵볶음,stir_fried_eomuk,E,한식-사이드,"어묵을 고추장에 볶은 한국 반찬.",246,84,후라이팬
394,콩나물무침,seasoned_bean_sprouts,F,한식-사이드,"콩나물을 데쳐 무친 한국 반찬.",8,82,
395,시금치나물,seasoned_spinach,F,한식-사이드,"시금치를 데쳐 무친 한국 반찬.",48,82,
396,도라지나물,seasoned_bellflower_root,E,한식-사이드,"도라지를 무친 한국 반찬.",12,82,
397,고사리나물,seasoned_bracken,E,한식-사이드,"고사리를 무친 한국 반찬.",12,82,
398,숙주나물,seasoned_mung_bean_sprouts,F,한식-사이드,"숙주를 데쳐 무친 한국 반찬.",8,82,
399,무생채,seasoned_radish,F,한식-사이드,"무를 채썰어 무친 한국 반찬.",7,84,
400,오이무침,seasoned_cucumber,F,한식-사이드,"오이를 무친 한국 반찬.",5,84,
401,깍두기,kkakdugi,E,한식-사이드,"무를 깍둑썰어 담근 김치.",7,15,
402,총각김치,ponytail_kimchi,E,한식-사이드,"총각무로 담근 김치.",7,15,
403,파김치,green_onion_kimchi,E,한식-사이드,"파로 담근 김치.",13,15,
404,갓김치,mustard_leaf_kimchi,E,한식-사이드,"갓으로 담근 김치.",12,15,
405,열무김치,young_radish_kimchi,E,한식-사이드,"열무로 담근 김치.",7,15,
406,동치미,radish_water_kimchi,E,한식-사이드,"무를 물에 담근 김치.",7,33,냄비
407,나박김치,nabak_kimchi,E,한식-사이드,"무와 배추를 물에 담근 김치.",7,6,냄비
408,오이소박이,cucumber_kimchi,E,한식-사이드,"오이에 소를 넣어 담근 김치.",5,15,
409,백김치,white_kimchi,E,한식-사이드,"고추 없이 담근 하얀 김치.",6,14,
410,보쌈김치,bossam_kimchi,D,한식-사이드,"속을 화려하게 넣은 보쌈용 김치.",6,24,
411,장아찌,jangajji,E,한식-사이드,"야채를 간장에 절인 한국 반찬.",9,82,
412,마늘종볶음,stir_fried_garlic_stems,E,한식-사이드,"마늘종을 볶은 한국 반찬.",14,84,후라이팬
413,고추장아찌,chili_jangajji,E,한식-사이드,"고추를 간장에 절인 한국 반찬.",15,82,
414,깻잎지,perilla_leaf_kimchi,E,한식-사이드,"깻잎을 간장에 절인 한국 반찬.",12,82,
415,무말랭이무침,dried_radish_salad,E,한식-사이드,"무말랭이를 무친 한국 반찬.",7,84,
416,건새우볶음,stir_fried_dried_shrimp,E,한식-사이드,"건새우를 볶은 한국 반찬.",22,82,후라이팬
417,견과류조림,braised_nuts,E,한식-사이드,"견과류를 조린 한국 반찬.",40,82,냄비
418,두부조림,braised_tofu,E,한식-사이드,"두부를 간장에 조린 한국 반찬.",11,82,냄비
419,콩조림,braised_beans,E,한식-사이드,"콩을 간장에 조린 한국 반찬.",49,82,냄비
420,감자조림,braised_potato,E,한식-사이드,"감자를 간장에 조린 한국 반찬.",43,82,냄비
421,우엉조림,braised_burdock,E,한식-사이드,"우엉을 간장에 조린 한국 반찬.",7,82,냄비
422,연근조림,braised_lotus_root,E,한식-사이드,"연근을 간장에 조린 한국 반찬.",7,82,냄비
423,장조림,braised_beef_in_soy_sauce,D,한식-사이드,"소고기를 간장에 푹 조린 한국 반찬.",62,82,냄비
424,메추리알장조림,braised_quail_eggs,E,한식-사이드,"메추리알을 간장에 조린 한국 반찬.",31,82,냄비
425,두부김치,dubu_kimchi,D,한식-메인,"두부와 김치를 볶아 함께 먹는 한국 요리.",11,90,후라이팬
426,김치볶음밥,kimchi_fried_rice,D,한식-메인,"밥과 김치를 볶은 한국 볶음밥.",41,90,후라이팬
427,새우볶음밥,shrimp_fried_rice,D,한식-메인,"밥과 새우를 볶은 한국 볶음밥.",41,67,후라이팬
428,오므라이스김치,kimchi_omurice,C,퓨전-메인,"김치볶음밥을 계란으로 감싼 한국식 오므라이스.",426,69,후라이팬
429,돌솥비빔밥,dolsot_bibimbap,C,한식-메인,"뜨거운 돌솥에 담은 비빔밥.",100,41,
430,전주비빔밥,jeonju_bibimbap,B,한식-메인,"나물을 화려하게 담은 전주식 비빔밥.",100,70,
431,육회비빔밥,yukhoe_bibimbap,A,한식-메인,"생소고기를 얹은 비빔밥.",100,16,
432,회덮밥,hoe_deopbap,C,한식-메인,"밥 위에 생선회를 얹은 한국식 덮밥.",41,147,
433,알밥,al_bap,C,한식-메인,"밥 위에 생선알을 얹은 한국식 덮밥.",41,20,
434,광어회,flatfish_sashimi,E,한식-메인,"신선한 광어를 얇게 썬 회.",20,,
435,우럭회,rockfish_sashimi,E,한식-메인,"신선한 우럭을 얇게 썬 회.",20,,
436,참치회,tuna_sashimi,D,한식-메인,"신선한 참치를 얇게 썬 회.",25,,
437,연어회,salmon_sashimi,D,한식-메인,"신선한 연어를 얇게 썬 회.",20,,
438,문어회,octopus_sashimi,E,한식-메인,"데친 문어를 얇게 썬 회.",66,,
439,오징어회,squid_sashimi,F,한식-메인,"신선한 오징어를 얇게 썬 회.",23,,
440,한우,hanwoo,A,한식-메인,"한국산 소고기를 구운 최고급 요리.",62,,후라이팬
441,갈비구이,grilled_ribs,B,한식-메인,"소갈비를 구운 한국 바비큐.",62,,후라이팬
442,삼겹살,samgyeopsal,C,한식-메인,"돼지 삼겹살을 구운 한국 대표 고기.",63,,후라이팬
443,목살,mok_sal,C,한식-메인,"돼지 목살을 구운 한국 고기.",63,,후라이팬
444,항정살,hang_jeong_sal,B,한식-메인,"돼지 항정살을 구운 고급 부위.",63,,후라이팬
445,LA갈비,la_galbi,A,한식-메인,"미국식으로 자른 소갈비 구이.",62,82,후라이팬
446,양념갈비,seasoned_galbi,B,한식-메인,"간장에 재운 소갈비 구이.",62,82,후라이팬
447,돼지갈비,pork_ribs,C,한식-메인,"돼지갈비를 구운 한국 바비큐.",63,,후라이팬
448,양념치킨,seasoned_chicken,C,한식-메인,"닭고기를 튀겨 양념에 버무린 한국 치킨.",64,84,후라이팬
449,간장치킨,soy_chicken,C,한식-메인,"닭고기를 튀겨 간장에 버무린 한국 치킨.",64,82,후라이팬
450,후라이드치킨,fried_chicken,C,한식-메인,"닭고기를 튀긴 바삭한 한국 치킨.",64,85,후라이팬
451,반반치킨,half_and_half_chicken,C,한식-메인,"양념과 후라이드를 반반 섞은 한국 치킨.",448,450,
452,마늘치킨,garlic_chicken,C,한식-메인,"닭고기를 튀겨 마늘 소스를 입힌 한국 치킨.",450,52,
453,파닭,green_onion_chicken,C,한식-메인,"닭고기를 튀겨 파를 듬뿍 얹은 한국 치킨.",450,55,
454,허니버터치킨,honey_butter_chicken,C,한식-메인,"닭고기를 튀겨 허니버터 소스를 입힌 치킨.",450,75,
455,찜닭순살,boneless_jjimdak,C,한식-메인,"뼈를 제거한 찜닭.",364,64,
456,닭발,dakbal,C,한식-메인,"닭발을 매콤하게 조린 한국 요리.",18,84,냄비
457,닭똥집,chicken_gizzard,E,한식-메인,"닭똥집을 구운 한국 고기.",18,,후라이팬
458,염통,heart,E,한식-메인,"염통을 구운 한국 고기.",16,,후라이팬
459,곱창,gopchang,C,한식-메인,"소 곱창을 구운 한국 고기.",16,,후라이팬
460,대창,daechang,C,한식-메인,"소 대창을 구운 한국 고기.",16,,후라이팬
461,막창,makchang,C,한식-메인,"돼지 막창을 구운 한국 고기.",17,,후라이팬
462,곱창전골,gopchang_jeongol,C,한식-메인,"곱창과 야채를 끓인 한국 전골.",459,9,냄비
463,순대국,sundae_guk,D,한식-메인,"순대를 육수에 넣고 끓인 한국 국.",103,59,냄비
464,순대볶음,stir_fried_sundae,D,한식-메인,"순대를 고추장에 볶은 한국 요리.",103,84,후라이팬
465,떡갈비,tteokgalbi,C,한식-메인,"다진 소고기를 뭉쳐 구운 한국 떡갈비.",56,82,후라이팬
466,소불고기,so_bulgogi,C,한식-메인,"소고기를 간장에 재워 볶은 한국 불고기.",98,62,후라이팬
467,돼지불고기,pork_bulgogi,C,한식-메인,"돼지고기를 간장에 재워 볶은 한국 불고기.",63,82,후라이팬
468,오리구이,grilled_duck,C,한식-메인,"오리고기를 구운 한국 요리.",19,,후라이팬
469,훈제오리,smoked_duck,B,한식-메인,"오리고기를 훈제한 한국 요리.",19,,오븐
470,삼계탕냉면,samgyetang_naengmyeon,B,퓨전-메인,"삼계탕 국물에 냉면을 넣은 퓨전 요리.",104,344,냄비
471,갈비탕냉면,galbitang_naengmyeon,B,퓨전-메인,"갈비탕 국물에 냉면을 넣은 퓨전 요리.",355,344,냄비
472,떡라면,tteok_ramyeon,E,한식-메인,"라면에 떡을 넣은 한국 요리.",249,217,냄비
473,치즈라면,cheese_ramyeon,E,한식-메인,"라면에 치즈를 넣은 한국 요리.",249,76,냄비
474,김치라면,kimchi_ramyeon,E,한식-메인,"라면에 김치를 넣은 한국 요리.",249,90,냄비
475,짜파구리,jjapaghuri,D,퓨전-메인,"짜파게티와 너구리를 섞은 한국 퓨전 라면.",250,249,냄비
476,불닭볶음면,buldak_bokkeum_myeon,D,한식-메인,"매운 소스에 면을 볶은 한국 라면.",46,84,후라이팬
477,팔도비빔면,paldo_bibim_myeon,E,한식-메인,"면에 고추장을 섞은 한국 비빔면.",46,84,
478,냉라면,cold_ramyeon,E,한식-메인,"차갑게 먹는 한국 라면.",249,,
479,짬짜면,jjamjjamyeon,D,퓨전-메인,"짜장면과 짬뽕을 섞은 한국 요리.",131,132,
480,유니짜장,uni_jjajang,B,퓨전-메인,"짜장면에 성게알을 얹은 고급 요리.",131,386,
481,짬뽕밥,jjamppong_bap,D,퓨전-메인,"짬뽕에 밥을 말아 먹는 한국 요리.",132,41,
482,볶음짬뽕,bokkeum_jjamppong,D,중식-메인,"짬뽕을 볶아 만든 중국 요리.",132,,후라이팬
483,간짜장,gan_jjajang,D,중식-메인,"물 없이 걸쭉하게 만든 짜장면.",131,,후라이팬
484,삼선짜장,samseon_jjajang,C,중식-메인,"해산물을 넣은 고급 짜장면.",131,67,후라이팬
485,사천짜장,sacheon_jjajang,D,중식-메인,"매콤한 사천식 짜장면.",131,15,후라이팬
486,울면,ulmyeon,D,중식-메인,"일본식 우동과 짬뽕을 섞은 요리.",132,148,냄비
487,쟁반짜장,jjaengban_jjajang,C,중식-메인,"쟁반에 담아 먹는 고급 짜장면.",131,67,
488,유산슬,yusanseul,C,중식-메인,"해산물과 야채를 볶은 중국 요리.",67,54,후라이팬
489,라조육,lazoyuk,C,중식-메인,"돼지고기를 고추와 볶은 매운 중국 요리.",63,15,후라이팬
490,깐쇼새우,kkanpungshrimp,C,중식-메인,"새우를 튀겨 매콤달콤하게 볶은 중국 요리.",67,84,후라이팬
491,유린기,yuringi,C,중식-메인,"닭고기를 튀겨 파기름을 뿌린 중국 요리.",64,55,후라이팬
492,양꼬치,yang_kkochi,C,중식-메인,"양고기를 꼬치에 꿰어 구운 중국 요리.",17,,후라이팬
493,훠궈,huoguo,B,중식-메인,"매운 육수에 고기와 야채를 넣고 끓이는 중국 전골.",59,15,냄비
494,마라탕,malatang,C,중식-메인,"마라 향신료로 끓인 중국 탕.",46,15,냄비
495,마라샹궈,mala_xiangguo,C,중식-메인,"마라 향신료로 볶은 중국 요리.",46,15,후라이팬
496,북경카오야,beijing_kaoya,SR,중식-메인,"오리를 바삭하게 구운 북경 명품 요리.",139,75,오븐
497,불도장,buldojang,A,퓨전-메인,"불고기와 된장찌개를 섞은 퓨전 요리.",98,92,냄비
498,로제떡볶이,rose_tteokbokki,B,퓨전-메인,"떡볶이에 크림을 넣은 로제 떡볶이.",102,74,후라이팬
499,크림파스타,cream_pasta,C,양식-메인,"크림 소스를 입힌 부드러운 파스타.",112,89,냄비
500,트러플파스타,truffle_pasta,A,양식-메인,"트러플을 넣은 고급 파스타.",252,40,후라이팬
501,랍스타파스타,lobster_pasta,SR,양식-메인,"랍스터를 넣은 최고급 파스타.",111,24,냄비
502,캐비어파스타,caviar_pasta,SSR,양식-메인,"캐비어를 얹은 궁극의 파스타.",501,20,
503,트러플리조또,truffle_risotto,A,양식-메인,"트러플을 넣은 고급 리조또.",117,40,냄비
504,랍스타리조또,lobster_risotto,SR,양식-메인,"랍스터를 넣은 최고급 리조또.",117,24,냄비
505,송로버섯스테이크,truffle_steak,SR,양식-메인,"송로버섯을 곁들인 최고급 스테이크.",115,40,후라이팬
506,포와그라,foie_gras,SR,양식-메인,"거위 간을 구운 프랑스 최고급 요리.",18,75,후라이팬
507,비프웰링턴,beef_wellington,A,양식-메인,"소고기를 빵 반죽으로 감싸 구운 영국 요리.",62,42,오븐
508,오마카세,omakase,SSR,일식-메인,"최고급 재료로 만든 셰프 특선 코스.",146,305,
509,가이세키,kaiseki,SR,일식-메인,"계절 재료로 만든 일본 전통 코스 요리.",147,300,
510,샤토브리앙,chateaubriand,SR,양식-메인,"소고기 안심을 구운 프랑스 최고급 스테이크.",62,75,후라이팬
511,랍스터테르미도르,lobster_thermidor,SR,양식-메인,"랍스터에 치즈를 얹어 구운 프랑스 요리.",24,76,오븐
512,캐비어블리니,caviar_blini,A,양식-메인,"팬케이크에 캐비어를 얹은 러시아 고급 요리.",186,20,
513,트러플버거,truffle_burger,A,퓨전-메인,"트러플을 넣은 고급 햄버거.",114,40,
514,랍스터롤,lobster_roll,SR,양식-메인,"빵에 랍스터를 넣은 미국 고급 샌드위치.",47,24,
515,와규스테이크,wagyu_steak,SSR,일식-메인,"일본산 와규를 구운 최고급 스테이크.",62,,후라이팬
516,금박초밥,gold_leaf_sushi,SSR,일식-메인,"금박을 얹은 궁극의 초밥.",146,20,
517,트러플피자,truffle_pizza,A,양식-메인,"트러플을 얹은 고급 피자.",113,40,오븐
518,캐비어비빔밥,caviar_bibimbap,SR,퓨전-메인,"캐비어를 얹은 고급 비빔밥.",100,20,
519,금가루떡볶이,gold_powder_tteokbokki,A,퓨전-메인,"금가루를 뿌린 고급 떡볶이.",102,77,
520,트러플짜장면,truffle_jjajangmyeon,A,퓨전-메인,"트러플을 넣은 고급 짜장면.",131,40,후라이팬
